sku_id,product_name,product_category,current_stock,sales_velocity_weekly,days_of_supply,season_relevance,our_price,competitor_price,return_rate_pct,notes
SKU-1001,UltraCharge Pro 9000,gadgets,4200,126,233,evergreen,49.99,34.99,18.4,"High return rate driven by complaints about charging speed not matching listing claims. Listing under Agent 1 review."
SKU-1002,FlexiJoint Relief Capsules,home and lifestyle,1850,84,154,evergreen,32.99,22.50,21.7,"Illegal health claims on listing. Agent 1 flagged for auto-block. High return rate and falling velocity since complaint volume increased."
SKU-1003,TerraNova Relaxed-Fit Cargo Trousers,fashion,6800,661,72,seasonal,67.99,58.00,3.1,"Post-peak seasonal stock. Listing flagged by Agent 1 for unsubstantiated sustainability claims. No significant return spike but velocity declining as season ends."
SKU-1004,NovaScan X3 Wireless Barcode Scanner,gadgets,920,429,15,evergreen,54.99,49.99,1.2,"Healthy performer. Listing accurate and Agent 1 approved. Low return rate. Risk of stockout within 15 days."
SKU-1005,CalmSpace Bamboo Bedside Organiser,home and lifestyle,3100,556,39,evergreen,29.99,27.99,2.8,"Steady seller. Listing accurate and approved. Slight competitor price undercut. One damaged delivery complaint — attributed to carrier not product."
SKU-1006,OrbitBud Pro Wireless Earbuds,gadgets,2700,305,62,evergreen,79.99,64.99,14.2,"Elevated return rate driven by false ANC claim on listing. Customers expecting noise cancellation hardware that does not exist. Agent 1 flagged."
SKU-1007,LunaGlow LED Desk Lamp,gadgets,1540,770,14,evergreen,34.99,31.99,1.8,"Strong seller with accurate listing. Risk of stockout within 14 days. Competitor price slightly lower."
SKU-1008,NebulaFit Smart Scale,gadgets,870,381,16,evergreen,44.99,39.99,6.3,"Moderate return rate linked to 16-profile listing claim vs actual 8-profile limit. Agent 1 flagged. Competitor priced lower."
SKU-1009,VoltEdge Portable Power Bank 20000mAh,gadgets,2100,612,24,evergreen,39.99,37.99,2.1,"Solid performer. Listing accurate and approved. Slight competitor undercut. No listing issues."
SKU-1010,StarWatch Fitness Tracker,gadgets,3300,471,49,evergreen,89.99,79.99,11.8,"Elevated return rate linked to clinical-grade accuracy claim on listing. Heart rate sensor accuracy does not match claim. Agent 1 flagged."
SKU-1011,ArcLight Portable Projector,gadgets,640,204,22,evergreen,199.99,189.99,2.4,"Steady performer. Listing accurate and approved. Competitor slightly cheaper. No issues."
SKU-1012,CelestialKey Mechanical Keyboard,gadgets,980,490,14,evergreen,99.99,94.99,1.6,"Strong performer. Listing accurate and approved. Approaching stockout. Competitor marginally cheaper."
SKU-1013,PulseCore Wireless Mouse,gadgets,1760,648,19,evergreen,29.99,26.99,8.9,"Elevated return rate linked to glass surface compatibility claim on listing. Spec sheet explicitly excludes highly reflective glass. Agent 1 flagged."
SKU-1014,ZenAir Portable Air Purifier,home and lifestyle,1100,335,23,evergreen,54.99,49.99,1.9,"Steady seller. Listing accurate and approved. Competitor slightly cheaper."
SKU-1015,CosmicBlend Nutrition Shake,home and lifestyle,3800,1400,19,evergreen,34.99,32.99,1.4,"High velocity, strong performer. Listing accurate and approved. Occasional wrong-flavour fulfilment errors — logistics issue not product issue."
SKU-1016,HorizonPure Water Filter Jug,home and lifestyle,2200,592,26,evergreen,27.99,25.99,1.7,"Steady seller. Listing accurate. Competitor slightly cheaper."
SKU-1017,NovaNest Smart Plug,gadgets,3400,881,27,evergreen,19.99,17.99,1.3,"Strong performer. Listing accurate and approved. Competitor undercut by $2."
SKU-1018,SolarShield Sunscreen SPF50,home and lifestyle,4700,2193,15,seasonal,14.99,13.49,1.1,"High velocity seasonal product. Listing accurate. Approaching end of peak season — velocity will drop sharply."
SKU-1019,PrismLens 4K Action Camera,gadgets,760,296,18,evergreen,149.99,144.99,1.8,"Solid performer. Listing accurate and approved. Customer enquiry about accessories — opportunity for add-on listings."
SKU-1020,TerraLoop Reusable Coffee Cup,home and lifestyle,2900,677,30,evergreen,22.99,21.99,2.2,"Steady seller. Listing accurate. Competitor marginally cheaper."
SKU-1021,AuroraSleep Eye Mask,home and lifestyle,1800,467,27,evergreen,19.99,18.49,2.6,"Steady seller. Listing accurate and approved."
SKU-1022,VerdantGrow Indoor Plant Food,home and lifestyle,3200,622,36,evergreen,12.99,11.99,1.4,"Steady seller. Listing accurate. Competitor slightly cheaper."
SKU-1023,CloudStep Memory Foam Slippers,fashion,5100,496,72,seasonal,34.99,29.99,12.4,"Elevated return rate linked to overnight moulding claim on listing. Spec states adapts over time with regular wear — not overnight. Agent 1 flagged. Post-peak seasonal stock building."
SKU-1024,Arctic Puffer Jacket,fashion,3900,620,44,seasonal,129.99,119.99,7.6,"Moderate return rate. Some complaints about warmth rating not matching -10 degree comfort claim. Listing under review. Seasonal stock with 44 days of supply."
SKU-1025,CosmoKnit Merino Wool Sweater,fashion,2100,525,28,evergreen,89.99,84.99,2.1,"Steady seller. Listing accurate and approved. Competitor slightly cheaper."
SKU-1026,TerraTread Hiking Boots,fashion,1400,363,27,evergreen,119.99,109.99,2.8,"Steady seller. Listing accurate. Competitor $10 cheaper."
SKU-1027,FlexRun Performance Leggings,fashion,2600,791,23,evergreen,54.99,49.99,2.3,"Strong performer. Listing accurate and approved."
SKU-1028,SolsticeWool Beanie,fashion,6200,301,144,seasonal,19.99,16.99,1.8,"High seasonal stock, velocity declining sharply as winter ends. 144 days of supply at current velocity. Competitor significantly cheaper."
SKU-1029,NovaDenim Slim Jeans,fashion,3100,723,30,evergreen,69.99,64.99,3.4,"Steady seller. Listing accurate. Competitor slightly cheaper."
SKU-1030,CelesteCashmere Scarf,fashion,2400,218,77,seasonal,149.99,134.99,2.7,"Moderate seasonal stock. Velocity declining post-winter. Competitor $15 cheaper. 77 days of supply."
SKU-1031,EclipseFrame Sunglasses,fashion,1900,605,22,seasonal,49.99,44.99,1.9,"Approaching peak season. Listing accurate. Competitor slightly cheaper. Velocity expected to increase."
SKU-1032,QuantumAir Robot Vacuum,gadgets,1100,241,32,evergreen,349.99,319.99,9.2,"Elevated return rate. Customer complaints about navigation behaving randomly rather than systematic rows as listed. Possible firmware issue — under investigation. Competitor $30 cheaper."
SKU-1033,CosmicChef Air Fryer 5.5L,home and lifestyle,2800,817,24,evergreen,79.99,74.99,3.1,"Steady seller. Listing claims 80% less oil — this is a general industry benchmark figure not specific to this model. Agent 1 should verify sourcing of this claim."
SKU-1034,NebulaBrew Pour-Over Coffee Kit,home and lifestyle,1600,400,28,evergreen,64.99,59.99,8.7,"Elevated return rate driven by dishwasher safe claim — walnut stand warps in dishwasher. Listing inaccurate. Agent 1 flagged. Returns focused on stand damage."
SKU-1035,OrionOak Floating Shelf Set,home and lifestyle,2300,474,34,evergreen,49.99,46.99,2.2,"Steady seller. Listing accurate and approved. Competitor slightly cheaper."
SKU-1036,ZenithFoam Yoga Mat,home and lifestyle,3700,996,26,evergreen,29.99,27.99,1.6,"Strong performer. Listing accurate. Competitor marginally cheaper."
SKU-1037,CrystalDrop Humidifier 4L,home and lifestyle,2100,544,27,evergreen,44.99,41.99,2.1,"Steady seller. Listing accurate and approved. Competitor $3 cheaper."
SKU-1038,LumenCanvas LED Light Strip 5m,gadgets,4100,1148,25,evergreen,24.99,22.99,2.4,"Strong performer. Listing accurate and approved. Competitor $2 cheaper."
SKU-1039,StellarSpin Cordless Screwdriver,gadgets,1800,450,28,evergreen,39.99,36.99,2.7,"Steady seller. Listing accurate. Competitor $3 cheaper."
SKU-1040,PolarPeak Insulated Water Bottle 1L,home and lifestyle,3400,850,28,evergreen,34.99,32.99,1.8,"Strong performer. Listing accurate and approved. Competitor $2 cheaper."
SKU-1041,VividCast 4K Streaming Stick,gadgets,2200,700,22,evergreen,49.99,47.99,1.2,"Strong performer. Listing accurate and approved. Low return rate. Positive customer feedback."
SKU-1042,MindfulMoment Aromatherapy Diffuser,home and lifestyle,2700,573,33,evergreen,32.99,30.99,2.3,"Steady seller. Listing accurate. Competitor $2 cheaper."
SKU-1043,QuantaGrip Phone Mount for Car,gadgets,3900,1300,21,evergreen,14.99,13.49,2.1,"High-velocity low-cost item. Listing accurate and approved. Competitor $1.50 cheaper."
SKU-1044,CosmoSkin Vitamin C Serum,home and lifestyle,2600,379,48,evergreen,39.99,34.99,13.6,"Elevated return rate linked to anti-ageing claim on listing — reverses signs of ageing in 2 weeks. No such evidence in product spec. Agent 1 flagged. Competitor significantly cheaper."
SKU-1045,StarForge Carbon Steel Wok 32cm,home and lifestyle,1300,433,21,evergreen,44.99,42.99,2.4,"Steady seller. Listing accurate and approved. Competitor marginally cheaper."
SKU-1046,EchoWave Bluetooth Speaker,gadgets,1700,517,23,evergreen,69.99,64.99,2.6,"Steady seller. Listing accurate and approved. Competitor $5 cheaper."
SKU-1047,FluxPen Digital Stylus,gadgets,2100,408,36,evergreen,49.99,46.99,2.9,"Steady seller. Listing accurate. Competitor $3 cheaper."
SKU-1048,TerraBag Recycled Canvas Tote,fashion,4800,1461,23,evergreen,19.99,18.99,1.6,"Strong performer. Listing accurate and approved. Competitor $1 cheaper."
SKU-1049,NovaPillow Adjustable Fill,home and lifestyle,2400,542,31,evergreen,54.99,51.99,3.2,"Steady seller. Listing accurate and approved. Competitor $3 cheaper."
SKU-1050,CelestialBlend Herbal Sleep Tea,home and lifestyle,3100,203,107,evergreen,18.99,15.99,16.8,"High return rate and very low velocity. Listing claims scientifically proven sleep induction within 20 minutes — no studies conducted per spec. Agent 1 flagged. Competitor significantly cheaper. Stock accumulating."
