sku_id,product_name,product_category,specs
SKU-1001,UltraCharge Pro 9000,gadgets,"Wireless charging pad. Output: 15W max. Charging speed: comparable to standard Qi competitors at equivalent wattage. No proprietary technology. No third-party lab certification on file. Multi-device: single device only."
SKU-1002,FlexiJoint Relief Capsules,home and lifestyle,"Dietary supplement. Ingredients: glucosamine 500mg, turmeric extract 200mg, omega-3 fatty acids 300mg per serving. No clinical trials conducted. Not FDA approved. No therapeutic claims substantiated. Category: general wellness supplement."
SKU-1003,TerraNova Relaxed-Fit Cargo Trousers,fashion,"Canvas cargo trousers. Material: 80% cotton, 20% polyester. Dye process uses conventional synthetic dyes. Supply chain: three third-party manufacturers across two countries. No sustainability certification held. Carbon footprint not calculated or offset."
SKU-1004,NovaScan X3 Wireless Barcode Scanner,gadgets,"Bluetooth barcode scanner. Connectivity: Bluetooth 5.2. Battery: 18-hour life on 90-minute charge. Compatibility: iOS 14+, Android 10+, Windows 10+, macOS 12+. Reads: EAN, UPC, QR, PDF417. Range: 1.5 metres. Manufacturer spec verified."
SKU-1005,CalmSpace Bamboo Bedside Organiser,home and lifestyle,"Bedside organiser. Material: Moso bamboo veneer over MDF core. Compartments: 5. Dimensions: 32cm x 18cm x 8cm. Load capacity: 3kg distributed. Flat-pack assembly. All fixings included."
SKU-1006,OrbitBud Pro Wireless Earbuds,gadgets,"Wireless earbuds. Bluetooth: 5.3. Playback: 8 hours per charge, 32 hours with case. Water resistance: IPX5. ANC: basic passive noise isolation only — no active noise cancellation hardware. Compatibility: iOS and Android."
SKU-1007,LunaGlow LED Desk Lamp,gadgets,"LED desk lamp. Brightness levels: 5. Colour temperature: 2700K to 6500K across 5 settings. USB-A port: 5W output. Power consumption: 12W. Rated lifespan: 50,000 hours. Flicker reduction: standard PWM dimming."
SKU-1008,NebulaFit Smart Scale,gadgets,"Smart scale. Accuracy: +/- 0.1kg. Bluetooth: 4.0. App compatibility: iOS 12+, Android 8+. User profiles: 8 maximum. Max load: 180kg. Platform: tempered glass."
SKU-1009,VoltEdge Portable Power Bank 20000mAh,gadgets,"Portable power bank. Capacity: 20000mAh. USB-C: 18W input and output. USB-A: 12W each, dual ports. Smartphone recharges: approximately 4.5 for a 4400mAh battery. Weight: 340g."
SKU-1010,StarWatch Fitness Tracker,gadgets,"Fitness tracker. Heart rate sensor: optical PPG, accuracy within 10-15% vs clinical ECG under movement. Step, calorie, and sleep tracking. Workout modes: 14. Battery: 7 days typical use. Water resistance: 50 metres."
SKU-1011,ArcLight Portable Projector,gadgets,"Portable projector. Native resolution: 1080p. Brightness: 500 ANSI lumens. Input: HDMI and USB-C. Speakers: 5W stereo built-in. Lamp life: 30,000 hours. Projection size: 40 to 120 inches."
SKU-1012,CelestialKey Mechanical Keyboard,gadgets,"Mechanical keyboard. Layout: tenkeyless. Backlighting: RGB per-key. Switch options: linear, tactile, clicky. Connection: USB-C wired with braided cable. N-key rollover: yes. Top plate: aluminium. OS: Windows and macOS."
SKU-1013,PulseCore Wireless Mouse,gadgets,"Wireless mouse. Connection: 2.4GHz with nano-receiver. DPI: 800, 1200, 2400, 3200 switchable. Battery: up to 60 days on one AA. Design: ambidextrous. Surface compatibility: most surfaces excluding highly reflective glass."
SKU-1014,ZenAir Portable Air Purifier,home and lifestyle,"Air purifier. Filter stages: pre-filter, HEPA H13, activated carbon. Noise: 25dB minimum on low. Coverage: 20 square metres. Filter lifespan: approximately 6 months with daily use. Power: USB-C."
SKU-1015,CosmicBlend Nutrition Shake,home and lifestyle,"Meal replacement shake. Protein: 23g plant-based per serving. Calories: 400 per serving. Vitamins and minerals: 24 included. Flavours: chocolate, vanilla, berry. No artificial colours or flavours. Suitable for vegetarians and vegans."
SKU-1016,HorizonPure Water Filter Jug,home and lifestyle,"Water filter jug. Capacity: 3.5 litres. Filter type: activated carbon and ion exchange. Reduces: chlorine taste, limescale, copper, lead. Filter lifespan: 150 litres. Materials: BPA-free plastic."
SKU-1017,NovaNest Smart Plug,gadgets,"Smart plug. Connectivity: Wi-Fi 2.4GHz, no hub required. App: iOS 13+, Android 9+. Voice: Alexa and Google Home compatible. Max load: 2300W / 10A. Energy monitoring: real-time via app."
SKU-1018,SolarShield Sunscreen SPF50,home and lifestyle,"Sunscreen. SPF: 50 broad-spectrum UVA and UVB. Formulation: fragrance-free, dermatologist-tested. Skin type: suitable for sensitive skin. Water resistance: 40 minutes."
SKU-1019,PrismLens 4K Action Camera,gadgets,"Action camera. Video: 4K at 60fps, 1080p slow motion at 240fps. Waterproof: 10 metres without housing. Lens: 170-degree wide angle. Screen: 2-inch touchscreen. Connectivity: Wi-Fi and Bluetooth."
SKU-1020,TerraLoop Reusable Coffee Cup,home and lifestyle,"Reusable coffee cup. Material: recycled ocean plastic exterior, stainless steel interior. Hot retention: 4 hours. Cold retention: 8 hours. Lid: leak-proof. Capacity: 350ml. Dishwasher safe."
SKU-1021,AuroraSleep Eye Mask,home and lifestyle,"Sleep eye mask. Design: contoured to avoid eyelid contact. Light blocking: complete blackout in testing. Strap: adjustable elastic. Padding: memory foam. Care: machine washable."
SKU-1022,VerdantGrow Indoor Plant Food,home and lifestyle,"Liquid plant fertiliser. NPK ratio: 3-1-2. Suitable for: all indoor houseplants. Application: weekly during growing season, monthly in winter. Concentration: dilute 5ml per litre of water. Bottle: 500ml makes approximately 100 litres."
SKU-1023,CloudStep Memory Foam Slippers,fashion,"Memory foam slippers. Footbed: memory foam, adapts to foot shape over time with regular wear. Sole: non-slip rubber. Upper: micro-fleece. Care: machine washable at 30 degrees. Sizes: 36 to 47."
SKU-1024,Arctic Puffer Jacket,fashion,"Puffer jacket. Shell: DWR water-repellent coated polyester. Insulation: synthetic, rated to -10 degrees comfort. Packable: folds into chest pocket. Pockets: 4 exterior. Sizes: XS to 3XL."
SKU-1025,CosmoKnit Merino Wool Sweater,fashion,"Crew-neck sweater. Material: 100% merino wool. Properties: natural temperature regulation, moisture wicking, odour resistant. Care: machine washable at 30 degrees on wool cycle. Colours: 12. Sizes: XS to XXL."
SKU-1026,TerraTread Hiking Boots,fashion,"Hiking boots. Waterproofing: membrane keeps feet dry in sustained rain. Outsole: Vibram rubber. Collar: padded ankle and tongue. Sizes: 36 to 48. Terrain: mixed, day hiking."
SKU-1027,FlexRun Performance Leggings,fashion,"Performance leggings. Fabric: four-way stretch, moisture-wicking. Waist: high-rise with hidden side pocket. Sun protection: UPF 50+. Sizes: XS to XXL. Care: machine washable at 40 degrees."
SKU-1028,SolsticeWool Beanie,fashion,"Knitted beanie. Material: 55% lambswool, 45% acrylic. Fit: one size, stretchy ribbed knit. Care: hand wash cold or dry clean. Colours: 8."
SKU-1029,NovaDenim Slim Jeans,fashion,"Slim-fit jeans. Material: 98% cotton, 2% elastane. Cut: slim through thigh and knee. Construction: five-pocket, zip fly, button closure. Care: machine washable at 30 degrees. Sizes: waist 28-40, length 30-34."
SKU-1030,CelesteCashmere Scarf,fashion,"Woven scarf. Material: Grade A cashmere. Dimensions: 180cm x 70cm. Care: dry clean only. Properties: naturally hypoallergenic, temperature-regulating. Colours: 6 neutral."
SKU-1031,EclipseFrame Sunglasses,fashion,"Sunglasses. Lens: UV400 polarised. Frame: TR90 lightweight. Shapes: round, square, aviator. Accessories: hard case and cleaning cloth included."
SKU-1032,QuantumAir Robot Vacuum,gadgets,"Robot vacuum. Navigation: LiDAR mapping. Suction: 2700Pa. Dock: auto-emptying, bag capacity approximately 30 days before replacement. Flooring: hard floors and carpet. Control: app-based scheduling."
SKU-1033,CosmicChef Air Fryer 5.5L,home and lifestyle,"Air fryer. Basket capacity: 5.5 litres. Temperature range: 80 to 200 degrees Celsius. Presets: 8 cooking programmes. Dishwasher safe: basket and tray. Power: 1500W."
SKU-1034,NebulaBrew Pour-Over Coffee Kit,home and lifestyle,"Pour-over coffee kit. Components: borosilicate glass dripper, 600ml stainless steel gooseneck kettle, reusable stainless mesh filter, walnut drip stand. Dishwasher safe: all except walnut stand."
SKU-1035,OrionOak Floating Shelf Set,home and lifestyle,"Floating shelf set. Material: solid oak veneer over MDF. Shelves: 3 included at 40cm, 60cm, and 80cm width. Fixings: all wall fixings and screws included. Load rating: 15kg per shelf. Wall types: solid and stud."
SKU-1036,ZenithFoam Yoga Mat,home and lifestyle,"Yoga mat. Thickness: 6mm. Material: closed-cell foam. Texture: non-slip both surfaces. Dimensions: 183cm x 61cm. Accessories: carry strap included. Care: wipe with damp cloth."
SKU-1037,CrystalDrop Humidifier 4L,home and lifestyle,"Ultrasonic humidifier. Tank: 4 litres. Mist type: cool ultrasonic. Coverage: up to 40 square metres. Safety: auto shut-off on empty. Modes: night mode dims display. Run time: up to 24 hours on low."
SKU-1038,LumenCanvas LED Light Strip 5m,gadgets,"LED light strip. Length: 5 metres. Cuttable: every 10cm. Colours: RGB plus warm white. Control: Wi-Fi via app, no hub required. Compatibility: Alexa and Google Home. Includes power adapter."
SKU-1039,StellarSpin Cordless Screwdriver,gadgets,"Cordless screwdriver. Voltage: 3.6V. Torque settings: 20. Max torque: 5Nm. Bits: 30-piece set included. Charging: USB-C, 90 minutes to full. Light: LED work light."
SKU-1040,PolarPeak Insulated Water Bottle 1L,home and lifestyle,"Insulated water bottle. Insulation: double-wall vacuum. Cold retention: 24 hours. Hot retention: 12 hours. Material: 18/8 food-grade stainless steel. Cap: leak-proof twist. Mouth: wide, fits standard ice cubes. Capacity: 1 litre. BPA-free."
SKU-1041,VividCast 4K Streaming Stick,gadgets,"Streaming stick. Video: 4K HDR at 60fps. Audio: Dolby Atmos pass-through. Wi-Fi: Wi-Fi 6 compatible. HDMI: 2.1. Remote: voice remote included. Power: USB from TV or included adapter."
SKU-1042,MindfulMoment Aromatherapy Diffuser,home and lifestyle,"Ultrasonic aromatherapy diffuser. Tank: 200ml. Mist: cool ultrasonic, no heat. LED: 7 colour modes. Safety: auto shut-off on empty. Run time: 6 hours continuous, 12 hours intermittent."
SKU-1043,QuantaGrip Phone Mount for Car,gadgets,"Car phone mount. Attachment: air vent clip. Vent compatibility: blades up to 3.5cm wide. Phone width: 4.7 to 7.2 inches. Release: one-handed squeeze. Rotation: 360 degrees. Installation: no tools required."
SKU-1044,CosmoSkin Vitamin C Serum,home and lifestyle,"Facial serum. Active ingredient: 15% stabilised ascorbic acid. Additional ingredients: hyaluronic acid. Tested: dermatologist-tested. Skin types: all. Usage: once daily morning application before moisturiser. Size: 30ml."
SKU-1045,StarForge Carbon Steel Wok 32cm,home and lifestyle,"Carbon steel wok. Construction: hand-hammered carbon steel. Pre-seasoned: yes. Hob compatibility: gas, electric, induction. Diameter: 32cm. Handle: wooden. Care: hand wash to preserve seasoning."
SKU-1046,EchoWave Bluetooth Speaker,gadgets,"Portable Bluetooth speaker. Waterproofing: IPX7, submersible to 1 metre for 30 minutes. Sound: 360-degree projection. Output: 20W. Battery: 12 hours. Bluetooth: 5.1. Charging: USB-C. Microphone: built-in speakerphone."
SKU-1047,FluxPen Digital Stylus,gadgets,"Digital stylus. Pressure sensitivity: 4096 levels. Tilt recognition: up to 60 degrees. Palm rejection: supported in compatible apps. Charging: magnetic USB-C, 30 minutes to full. Compatibility: iOS and Android capacitive touchscreens."
SKU-1048,TerraBag Recycled Canvas Tote,fashion,"Canvas tote bag. Material: 100% recycled canvas. Handles: reinforced stitching. Interior: zip pocket. Closure: magnetic snap. Load rating: 15kg. Care: machine washable at 30 degrees."
SKU-1049,NovaPillow Adjustable Fill,home and lifestyle,"Adjustable pillow. Fill: shredded memory foam, removable and adjustable. Cover: 60% bamboo, 40% polyester, removable and machine washable. Sizes: standard 50x75cm, king 50x90cm."
SKU-1050,CelestialBlend Herbal Sleep Tea,home and lifestyle,"Herbal tea. Ingredients: chamomile, valerian root, lemon balm, passionflower. Caffeine: none. Bags: individually wrapped, biodegradable. Quantity: 30 bags per box. No clinical studies conducted. No sleep efficacy claims substantiated."
